epoch,train_loss,val_loss,val_acc,val_precision,val_recall,val_f1,lr,seconds
1,0.690972934450422,0.6970448379516602,0.498,0.11494252873563218,0.6,0.19292604501607719,1e-05,35.12036848068237
2,0.6699664405414036,0.6033261260986328,0.638,0.18048780487804877,0.74,0.2901960784313726,5.5e-05,30.006346702575684
3,0.623969218986375,0.5815723762512207,0.622,0.18552036199095023,0.82,0.30258302583025826,0.0001,30.32313084602356
4,0.6197831170899527,0.4574713478088379,0.694,0.22162162162162163,0.82,0.34893617021276596,9.99743108100344e-05,30.569880962371826
5,0.6105071331773485,0.45061965560913086,0.756,0.18421052631578946,0.42,0.25609756097560976,9.989726963751682e-05,30.40375542640686
6,0.5923023079122816,0.4484091377258301,0.73,0.2360248447204969,0.76,0.36018957345971564,9.976895564745991e-05,30.08989119529724
7,0.605722559775625,0.5347524948120117,0.662,0.20100502512562815,0.8,0.32128514056224905,9.95895006911623e-05,30.38522243499756
8,0.5811969003507069,0.45888259887695315,0.698,0.19393939393939394,0.64,0.29767441860465116,9.935908917072252e-05,30.40853524208069
9,0.586381903716496,0.4501875152587891,0.736,0.22666666666666666,0.68,0.34,9.907795784955327e-05,29.894262552261353
10,0.5599238097667694,0.4280811996459961,0.74,0.1875,0.48,0.2696629213483146,9.874639560909119e-05,30.018946647644043
11,0.5845105047736849,0.509984390258789,0.678,0.19337016574585636,0.7,0.303030303030303,9.836474315195148e-05,29.901197910308838
12,0.570528285418238,0.46534316635131834,0.684,0.2032967032967033,0.74,0.31896551724137934,9.793339265183303e-05,30.498284578323364
13,0.5801606395414898,0.4637072639465332,0.678,0.16766467065868262,0.56,0.25806451612903225,9.745278735053343e-05,30.019236087799072
14,0.5676590063742228,0.4902332878112793,0.656,0.195,0.78,0.312,9.692342110248802e-05,30.040599584579468
15,0.5552536606788635,0.49559560012817383,0.714,0.22485207100591717,0.76,0.3470319634703196,9.63458378673011e-05,30.67499351501465
16,0.5549703325544085,0.4336558723449707,0.74,0.2468354430379747,0.78,0.375,9.572063115079063e-05,30.192803144454956
17,0.5389418163469859,0.48416150665283203,0.7,0.2159090909090909,0.76,0.33628318584070793,9.504844339512095e-05,30.163700819015503
18,0.5366877866642815,0.4074720764160156,0.77,0.23140495867768596,0.56,0.3274853801169591,9.432996531865002e-05,30.582430601119995
19,0.5340875267982483,0.4673750762939453,0.72,0.2222222222222222,0.72,0.33962264150943394,9.356593520616948e-05,30.19881558418274
20,0.5321758040360042,0.4363021697998047,0.788,0.3028169014084507,0.86,0.44791666666666663,9.275713815026733e-05,30.011945247650146
21,0.5281090629952294,0.456473518371582,0.752,0.2153846153846154,0.56,0.3111111111111111,9.190440524459203e-05,30.7198224067688
22,0.5247539409569332,0.436166374206543,0.746,0.24503311258278146,0.74,0.3681592039800995,9.10086127298478e-05,30.166651725769043
23,0.524676679287638,0.5361613807678223,0.652,0.1836734693877551,0.72,0.29268292682926833,9.007068109339784e-05,30.003340244293213
24,0.5226581905569349,0.4161284942626953,0.772,0.2714285714285714,0.76,0.39999999999999997,8.909157412340151e-05,30.37252688407898
25,0.5248187895332064,0.4687032699584961,0.734,0.2422360248447205,0.78,0.36966824644549773,8.807229791845673e-05,29.910993814468384
26,0.531880465575627,0.44441583633422854,0.75,0.2413793103448276,0.7,0.358974358974359,8.701389985376578e-05,30.159427404403687
27,0.5089169540575572,0.4054271202087402,0.784,0.23636363636363636,0.52,0.325,8.591746750488638e-05,30.421635389328003
28,0.5064153884138379,0.37564759826660155,0.804,0.2857142857142857,0.64,0.3950617283950617,8.478412753017432e-05,30.10237169265747
29,0.5061150299651282,0.4218837203979492,0.774,0.2631578947368421,0.7,0.38251366120218583,8.361504451306583e-05,30.165265560150146
30,0.4758413715021951,0.42595903396606444,0.798,0.2992125984251969,0.76,0.4293785310734463,8.241141976538941e-05,30.176279306411743
31,0.5075663489954813,0.3685811195373535,0.828,0.29069767441860467,0.5,0.3676470588235294,8.117449009293667e-05,30.49482297897339
32,0.5069033214024135,0.4063519515991211,0.784,0.2698412698412698,0.68,0.3863636363636363,7.99055265245608e-05,30.01990795135498
33,0.4795651205948421,0.3954122333526611,0.794,0.25688073394495414,0.56,0.35220125786163525,7.860583300610848e-05,30.104029417037964
34,0.48118314146995544,0.45258785629272463,0.778,0.2805755395683453,0.78,0.4126984126984127,7.727674506052743e-05,30.747132301330566
35,0.48479945404188973,0.38400155639648437,0.808,0.27450980392156865,0.56,0.368421052631579,7.591962841552626e-05,30.19071650505066
36,0.5044196052210671,0.4774431610107422,0.752,0.26875,0.86,0.40952380952380957,7.453587760019689e-05,30.100757122039795
37,0.4761130443641118,0.39995428466796873,0.798,0.3023255813953488,0.78,0.4357541899441341,7.312691451204175e-05,30.599360704421997
38,0.48981761123452866,0.5060625419616699,0.728,0.24404761904761904,0.82,0.3761467889908257,7.16941869558779e-05,30.149364233016968
39,0.4719349418367658,0.3656184024810791,0.82,0.3148148148148148,0.68,0.43037974683544306,7.023916715611968e-05,30.13360857963562
40,0.47285196312836236,0.34247896575927733,0.818,0.3119266055045872,0.68,0.4276729559748428,6.876335024396871e-05,30.714611291885376
41,0.46560623390333994,0.3843357849121094,0.796,0.2903225806451613,0.72,0.4137931034482759,6.726825272106538e-05,30.114793062210083
42,0.4702758439949581,0.4411607551574707,0.782,0.2907801418439716,0.82,0.42931937172774864,6.575541090118104e-05,30.251914024353027
43,0.4934234061411449,0.33509149360656737,0.852,0.33783783783783783,0.5,0.4032258064516129,6.422637933155161e-05,30.681336641311646
44,0.4765502976519721,0.3859543685913086,0.796,0.29365079365079366,0.74,0.4204545454545454,6.268272919547536e-05,30.096569299697876
45,0.4618829752717699,0.4020093116760254,0.796,0.2719298245614035,0.62,0.3780487804878049,6.11260466978157e-05,30.055066347122192
46,0.4573661254984992,0.3270321407318115,0.852,0.35365853658536583,0.58,0.4393939393939394,5.9557931435068606e-05,30.47961187362671
47,0.4614201422248568,0.4144779930114746,0.792,0.2890625,0.74,0.4157303370786517,5.797999475166895e-05,30.10264825820923
48,0.45120868171964373,0.35908611297607423,0.826,0.31683168316831684,0.64,0.42384105960264906,5.6393858084225284e-05,30.15417742729187
49,0.44689113966056276,0.3920022201538086,0.802,0.2905982905982906,0.68,0.407185628742515,5.480115129538408e-05,30.514779329299927
50,0.45406483028616224,0.3741933536529541,0.798,0.2992125984251969,0.76,0.4293785310734463,5.320351099903563e-05,30.200247287750244
51,0.4477926424571446,0.401585750579834,0.798,0.296,0.74,0.4228571428571428,5.160257887858275e-05,30.203166723251343
52,0.44993178972176145,0.3208747844696045,0.846,0.3246753246753247,0.5,0.3937007874015748,4.9999999999999975e-05,30.46779990196228
53,0.4597848628248487,0.3900054931640625,0.786,0.27906976744186046,0.72,0.40223463687150834,4.8397421121417215e-05,30.417575359344482
54,0.44298368990421294,0.3873801803588867,0.804,0.29310344827586204,0.68,0.40963855421686746,4.679648900096434e-05,30.169811487197876
55,0.4445314481854439,0.32770165634155274,0.846,0.32,0.48,0.38399999999999995,4.519884870461589e-05,30.261035680770874
56,0.4451522920812879,0.35005855560302734,0.836,0.30952380952380953,0.52,0.3880597014925373,4.360614191577469e-05,30.684234142303467
57,0.44027514117104666,0.3669132843017578,0.812,0.2962962962962963,0.64,0.4050632911392405,4.202000524833102e-05,30.147982597351074
58,0.439733065026147,0.3363817729949951,0.844,0.3627450980392157,0.74,0.48684210526315785,4.0442068564931365e-05,30.023762941360474
59,0.4316141098737717,0.33230785369873045,0.846,0.3291139240506329,0.52,0.40310077519379844,3.887395330218427e-05,30.661462783813477
60,0.44095472523144313,0.35238762855529787,0.83,0.3394495412844037,0.74,0.4654088050314466,3.7317270804524626e-05,30.15937876701355
61,0.41906017043760846,0.32635726737976073,0.848,0.358695652173913,0.66,0.46478873239436624,3.577362066844837e-05,30.184940576553345
62,0.43648210380758556,0.3396843795776367,0.848,0.3617021276595745,0.68,0.4722222222222222,3.424458909881896e-05,30.506078243255615
63,0.44116741291114264,0.32392007064819334,0.852,0.36666666666666664,0.66,0.4714285714285714,3.273174727893462e-05,30.040830373764038
64,0.41285414206130167,0.3865715217590332,0.812,0.3103448275862069,0.72,0.4337349397590362,3.12366497560313e-05,30.163443326950073
65,0.4260626456567219,0.3500642776489258,0.836,0.32978723404255317,0.62,0.4305555555555555,2.9760832843880313e-05,30.601985931396484
66,0.4239942186645099,0.33976160049438475,0.83,0.3300970873786408,0.68,0.44444444444444453,2.8305813044122097e-05,30.017491817474365
67,0.4296317702957562,0.3804059143066406,0.816,0.325,0.78,0.45882352941176474,2.687308548795825e-05,30.12178111076355
68,0.41638973163706916,0.356993616104126,0.834,0.33663366336633666,0.68,0.45033112582781465,2.5464122399803125e-05,30.674738883972168
69,0.41715831139257975,0.3548253402709961,0.83,0.32673267326732675,0.66,0.43708609271523186,2.4080371584473748e-05,30.02552103996277
70,0.42086553211723055,0.32719438362121583,0.842,0.3116883116883117,0.48,0.3779527559055118,2.272325493947257e-05,30.223565816879272
71,0.42393319819654735,0.33182052421569824,0.846,0.3373493975903614,0.56,0.42105263157894735,2.1394166993891512e-05,30.338147163391113
72,0.415210768367563,0.34681068801879883,0.832,0.33962264150943394,0.72,0.4615384615384615,2.0094473475439202e-05,30.126440286636353
73,0.41938092367989677,0.33690057945251467,0.84,0.3404255319148936,0.64,0.4444444444444445,1.8825509907063327e-05,30.053649425506592
74,0.4242769792675972,0.32986155700683595,0.842,0.32941176470588235,0.56,0.41481481481481486,1.7588580234610574e-05,30.40008521080017
75,0.42243366496903556,0.31450518989562987,0.856,0.375,0.66,0.4782608695652173,1.6384955486934156e-05,30.204752445220947
76,0.42335437131779535,0.29436118507385256,0.866,0.38961038961038963,0.6,0.47244094488188976,1.521587246982568e-05,29.982983112335205
77,0.4171499103307724,0.2869684772491455,0.87,0.3972602739726027,0.58,0.4715447154471545,1.4082532495113624e-05,30.24862504005432
78,0.4078864791563579,0.31697337341308596,0.848,0.3488372093023256,0.6,0.4411764705882353,1.298610014623423e-05,30.538557291030884
79,0.4061412342957088,0.3293070487976074,0.84,0.35,0.7,0.4666666666666667,1.1927702081543289e-05,30.171611547470093
80,0.40713020882436207,0.33187308883666994,0.844,0.35106382978723405,0.66,0.45833333333333337,1.0908425876598509e-05,30.043825149536133
81,0.39535157467637744,0.32010585021972654,0.854,0.367816091954023,0.64,0.4671532846715328,9.929318906602173e-06,30.48290705680847
82,0.3902909076639584,0.3076025562286377,0.85,0.34177215189873417,0.54,0.41860465116279066,8.9913872701522e-06,30.027105569839478
83,0.4220858927283968,0.3186479721069336,0.85,0.35294117647058826,0.6,0.4444444444444445,8.095594755407968e-06,30.265984773635864
84,0.3779092997312546,0.329383825302124,0.846,0.3516483516483517,0.64,0.4539007092198582,7.242861849732694e-06,30.688854217529297
85,0.37918462327548436,0.3157474994659424,0.854,0.367816091954023,0.64,0.4671532846715328,6.434064793830539e-06,30.182705640792847
86,0.4026834000434194,0.3445667514801025,0.836,0.336734693877551,0.66,0.44594594594594594,5.670034681349993e-06,30.09373140335083
87,0.4005558179957526,0.3091653575897217,0.86,0.3780487804878049,0.62,0.46969696969696967,4.9515566048790464e-06,30.668594360351562
88,0.3851592176726886,0.3304207096099854,0.844,0.34782608695652173,0.64,0.4507042253521127,4.279368849209379e-06,30.11011052131653
89,0.3792386076280049,0.3094538841247559,0.852,0.35365853658536583,0.58,0.4393939393939394,3.654162132698917e-06,30.29525899887085
90,0.4004454214658056,0.31398735427856445,0.86,0.38095238095238093,0.64,0.4776119402985074,3.076578897511988e-06,30.604109287261963
91,0.4035143901194845,0.31073035049438474,0.858,0.3670886075949367,0.58,0.44961240310077516,2.547212649466573e-06,30.127046823501587
92,0.4060918013964381,0.31997563552856445,0.848,0.3488372093023256,0.6,0.4411764705882353,2.066607348166965e-06,30.215447902679443
93,0.39249840719359264,0.33020720672607423,0.85,0.3626373626373626,0.66,0.46808510638297873,1.6352568480485267e-06,30.739858388900757
94,0.3947941394788878,0.30173870086669924,0.862,0.379746835443038,0.6,0.46511627906976744,1.2536043909088185e-06,30.266541004180908
95,0.3850032648869923,0.3246588134765625,0.844,0.3409090909090909,0.6,0.43478260869565216,9.220421504467332e-07,30.22252082824707
96,0.40935877774442947,0.31569049835205076,0.852,0.35714285714285715,0.6,0.44776119402985076,6.409108292774964e-07,30.51740264892578
97,0.394289308147771,0.3180997314453125,0.852,0.35714285714285715,0.6,0.44776119402985076,4.104993088376971e-07,30.8046612739563
98,0.39931917893035074,0.3162099914550781,0.846,0.3448275862068966,0.6,0.43795620437956206,2.3104435254008834e-07,30.18856453895569
99,0.39449365777628764,0.3235713729858398,0.848,0.3488372093023256,0.6,0.4411764705882353,1.0273036248318318e-07,30.711585760116577
100,0.3919273623398372,0.31625068855285643,0.85,0.35294117647058826,0.6,0.4444444444444445,2.5689189965605304e-08,30.162978410720825
